{
  "eval_loss": 1.8385286331176758,
  "eval_rouge-1": 0.16076388651493717,
  "eval_rouge-2": 0.04890961849704845,
  "eval_rouge-l": 0.15263548539640417,
  "eval_runtime": 38.4144,
  "eval_samples_per_second": 12.99,
  "eval_steps_per_second": 0.417,
  "epoch": 7.0,
  "train_samples": 18685,
  "eval_samples": 499
}